Normality	Term	w	pvalue
YES	GO_POSITIVE_REGULATION_OF_KINASE_ACTIVITY	0.9411126971244812	0.30273735523223877
YES	GO_POTASSIUM_ION_TRANSPORT	0.9407898187637329	0.29892730712890625
YES	GO_POSITIVE_REGULATION_OF_CALCIUM_ION_TRANSPORT	0.9557690024375916	0.5224550366401672
YES	GO_NEURON_DEVELOPMENT	0.9504979848861694	0.4328821003437042
YES	GO_POSITIVE_REGULATION_OF_MYOTUBE_DIFFERENTIATION	0.9500248432159424	0.42540642619132996
YES	GO_REGULATION_OF_CELL_ACTIVATION	0.9499301910400391	0.42392292618751526
YES	GO_ATP_DEPENDENT_CHROMATIN_REMODELING	0.9648489952087402	0.6971526741981506
YES	GO_ANATOMICAL_STRUCTURE_FORMATION_INVOLVED_IN_MORPHOGENESIS	0.9821289777755737	0.969275951385498
YES	GO_ION_TRANSPORT	0.976848304271698	0.9118232131004333
YES	GO_CHROMOSOME_ORGANIZATION	0.9558926224708557	0.5246858596801758
YES	GO_DIGESTION	0.9659141302108765	0.7183064222335815
NO	GO_STEROID_BIOSYNTHETIC_PROCESS	0.8617799282073975	0.013062252663075924
YES	GO_REGULATION_OF_PROTEIN_TYROSINE_KINASE_ACTIVITY	0.984383761882782	0.9838314056396484
YES	GO_RESPONSE_TO_NITROGEN_COMPOUND	0.9325516223907471	0.2152795046567917
YES	GO_REGULATION_OF_LEUKOCYTE_PROLIFERATION	0.9692359566688538	0.7832025289535522
YES	GO_SENSORY_PERCEPTION	0.9581894874572754	0.5670867562294006
YES	GO_REGULATION_OF_CELLULAR_RESPONSE_TO_GROWTH_FACTOR_STIMULUS	0.9304708242416382	0.1979260891675949
YES	GO_EMBRYO_DEVELOPMENT_ENDING_IN_BIRTH_OR_EGG_HATCHING	0.9695836901664734	0.7898239493370056
YES	GO_EPITHELIUM_DEVELOPMENT	0.9318950176239014	0.20965273678302765
YES	GO_PHOSPHOLIPID_METABOLIC_PROCESS	0.9689211845397949	0.7771733999252319
YES	GO_AMMONIUM_ION_METABOLIC_PROCESS	0.9164166450500488	0.11169877648353577
YES	GO_NEGATIVE_REGULATION_OF_PROTEOLYSIS	0.9457768797874451	0.3626536726951599
YES	GO_MUSCLE_TISSUE_DEVELOPMENT	0.9368392825126648	0.2556644082069397
NO	GO_ACID_SECRETION	0.8411240577697754	0.006154958624392748
YES	GO_ANTIMICROBIAL_HUMORAL_RESPONSE	0.978512167930603	0.9333678483963013
YES	GO_CELL_PART_MORPHOGENESIS	0.9119100570678711	0.09297509491443634
YES	GO_MUSCLE_ORGAN_DEVELOPMENT	0.974957287311554	0.8839396238327026
YES	GO_POSITIVE_REGULATION_OF_HEMOPOIESIS	0.982576310634613	0.9726340174674988
YES	GO_MYELOID_CELL_HOMEOSTASIS	0.9765053987503052	0.9070228338241577
YES	GO_CHEMICAL_HOMEOSTASIS	0.957428514957428	0.5528475046157837
YES	GO_SYNAPSE_ORGANIZATION	0.9524047374725342	0.46397796273231506
YES	GO_REGULATION_OF_MAPK_CASCADE	0.9694133996963501	0.7865874767303467
YES	GO_MYELOID_LEUKOCYTE_MIGRATION	0.9677743315696716	0.7549498081207275
YES	GO_REGULATION_OF_PHOSPHATIDYLINOSITOL_3_KINASE_SIGNALING	0.968956708908081	0.7778551578521729
YES	GO_CIRCULATORY_SYSTEM_PROCESS	0.9748675227165222	0.8825346231460571
YES	GO_CELL_CHEMOTAXIS	0.9654045701026917	0.7081942558288574
YES	GO_NEGATIVE_REGULATION_OF_INTERLEUKIN_1_PRODUCTION	0.9563307762145996	0.5326374769210815
YES	GO_POSITIVE_REGULATION_OF_CATION_CHANNEL_ACTIVITY	0.9735278487205505	0.8607740998268127
YES	GO_VESICLE_LOCALIZATION	0.958967387676239	0.581820011138916
NO	GO_TELOMERE_CAPPING	0.8958805203437805	0.048730865120887756
YES	GO_INTRACELLULAR_PROTEIN_TRANSPORT	0.956076443195343	0.5280135273933411
YES	GO_RESPONSE_TO_PEPTIDE	0.968968391418457	0.7780798673629761
YES	GO_STEROL_HOMEOSTASIS	0.9408614039421082	0.2997685372829437
YES	GO_CELLULAR_RESPONSE_TO_LIPID	0.93166583776474	0.20772187411785126
YES	GO_SENSORY_PERCEPTION_OF_MECHANICAL_STIMULUS	0.9701097011566162	0.7997498512268066
YES	GO_ACTIN_FILAMENT_BASED_PROCESS	0.9272611141204834	0.17376673221588135
YES	GO_POSITIVE_REGULATION_OF_MUSCLE_CELL_DIFFERENTIATION	0.982490062713623	0.9720054268836975
YES	GO_REGULATION_OF_ADAPTIVE_IMMUNE_RESPONSE	0.9418723583221436	0.3118710219860077
YES	GO_CELL_PROJECTION_ASSEMBLY	0.9110444188117981	0.08976097404956818
YES	GO_GLUCOCORTICOID_METABOLIC_PROCESS	0.9512948989868164	0.44569069147109985
YES	GO_PROTEIN_MATURATION	0.9659271836280823	0.7185651063919067
YES	GO_REGULATION_OF_HYDROLASE_ACTIVITY	0.9612084627151489	0.6251271367073059
YES	GO_CELLULAR_RESPONSE_TO_BIOTIC_STIMULUS	0.9452247619628906	0.3550754189491272
YES	GO_REGULATION_OF_CELL_MORPHOGENESIS_INVOLVED_IN_DIFFERENTIATION	0.9267434477806091	0.1701485961675644
YES	GO_CELLULAR_RESPONSE_TO_ORGANIC_CYCLIC_COMPOUND	0.9459255337715149	0.3647163212299347
YES	GO_PLATELET_ACTIVATION	0.9835721254348755	0.9792649745941162
YES	GO_CYTOSKELETON_ORGANIZATION	0.9565348029136658	0.53636234998703
YES	GO_RESPONSE_TO_WOUNDING	0.9433701634407043	0.3305836617946625
YES	GO_METAL_ION_TRANSPORT	0.9552578330039978	0.5132889747619629
YES	GO_INSULIN_SECRETION	0.9744417071342468	0.8757754564285278
NO	GO_POSITIVE_REGULATION_OF_TRANSPORTER_ACTIVITY	0.8794170022010803	0.025521419942378998
YES	GO_POSITIVE_REGULATION_OF_LOCOMOTION	0.9141584038734436	0.10188136994838715
YES	GO_NEGATIVE_REGULATION_OF_VIRAL_PROCESS	0.938338041305542	0.27136147022247314
YES	GO_REGULATION_OF_KINASE_ACTIVITY	0.9555328488349915	0.518208384513855
YES	GO_TISSUE_MORPHOGENESIS	0.8974776268005371	0.051938124001026154
YES	GO_COFACTOR_METABOLIC_PROCESS	0.9481639266014099	0.3969457447528839
YES	GO_TRANSLATIONAL_INITIATION	0.9662660956382751	0.7252781987190247
YES	GO_CYTOKINE_MEDIATED_SIGNALING_PATHWAY	0.9375115036964417	0.26259902119636536
YES	GO_T_CELL_PROLIFERATION	0.9692574739456177	0.7836142182350159
YES	GO_STRIATED_MUSCLE_CELL_DIFFERENTIATION	0.953382134437561	0.4805049002170563
YES	GO_SECOND_MESSENGER_MEDIATED_SIGNALING	0.9796352386474609	0.946169912815094
YES	GO_CELL_CELL_SIGNALING	0.9543797373771667	0.4977708160877228
YES	GO_POSITIVE_REGULATION_OF_MAPK_CASCADE	0.9748456478118896	0.8821906447410583
YES	GO_REGULATION_OF_MUSCLE_CONTRACTION	0.9374182820320129	0.26162704825401306
YES	GO_PROTEIN_MODIFICATION_BY_SMALL_PROTEIN_CONJUGATION_OR_REMOVAL	0.9647344946861267	0.6948758363723755
YES	GO_REGULATION_OF_BODY_FLUID_LEVELS	0.9621689319610596	0.643994927406311
YES	GO_REGULATION_OF_HORMONE_LEVELS	0.9770172834396362	0.9141449928283691
YES	GO_REGULATION_OF_DEFENSE_RESPONSE	0.9331570863723755	0.22059449553489685
YES	GO_NEGATIVE_REGULATION_OF_PEPTIDE_SECRETION	0.9067037105560303	0.07527502626180649
YES	GO_SMALL_MOLECULE_METABOLIC_PROCESS	0.9532805681228638	0.4787701368331909
YES	GO_HOMEOSTATIC_PROCESS	0.9528595209121704	0.471619576215744
YES	GO_MORPHOGENESIS_OF_AN_EPITHELIUM	0.9232122302055359	0.14736327528953552
YES	GO_REGULATION_OF_STRIATED_MUSCLE_CELL_DIFFERENTIATION	0.9691418409347534	0.781403660774231
YES	GO_DEFENSE_RESPONSE_TO_VIRUS	0.9811999797821045	0.9615383148193359
NO	GO_SENSORY_PERCEPTION_OF_CHEMICAL_STIMULUS	0.8547968864440918	0.010089360177516937
YES	GO_ORGANIC_HYDROXY_COMPOUND_METABOLIC_PROCESS	0.9360024929046631	0.2472669780254364
YES	GO_TELOMERE_ORGANIZATION	0.9755761027336121	0.8934330344200134
YES	GO_IMMUNE_SYSTEM_DEVELOPMENT	0.9608966708183289	0.6190357208251953
YES	GO_HORMONE_TRANSPORT	0.9347602128982544	0.23527158796787262
YES	GO_PROTEIN_CATABOLIC_PROCESS	0.9554750919342041	0.5171729922294617
YES	GO_REGULATION_OF_TRANSFERASE_ACTIVITY	0.9630663394927979	0.6617375612258911
YES	GO_TISSUE_HOMEOSTASIS	0.9031298160552979	0.06516078114509583
YES	GO_ADAPTIVE_IMMUNE_RESPONSE_BASED_ON_SOMATIC_RECOMBINATION_OF_IMMUNE_RECEPTORS_BUILT_FROM_IMMUNOGLOBULIN_SUPERFAMILY_DOMAINS	0.9783557653427124	0.9314709305763245
YES	GO_CELL_CYCLE_ARREST	0.9725361466407776	0.8437973856925964
YES	GO_SKELETAL_SYSTEM_DEVELOPMENT	0.9773225784301758	0.9182658195495605
YES	GO_ORGANOPHOSPHATE_METABOLIC_PROCESS	0.909957766532898	0.08588604629039764
YES	GO_MONOVALENT_INORGANIC_CATION_TRANSPORT	0.947737455368042	0.3906361758708954
YES	GO_REGULATION_OF_INTRACELLULAR_SIGNAL_TRANSDUCTION	0.9273414611816406	0.1743350625038147
YES	GO_POSITIVE_REGULATION_OF_T_CELL_PROLIFERATION	0.9584135413169861	0.5713129043579102
YES	GO_CELL_ACTIVATION	0.959484875202179	0.591714084148407
YES	GO_NEGATIVE_REGULATION_OF_TUMOR_NECROSIS_FACTOR_MEDIATED_SIGNALING_PATHWAY	0.9692572355270386	0.78360915184021
YES	GO_REGULATION_OF_NERVOUS_SYSTEM_DEVELOPMENT	0.9769992828369141	0.9138996601104736
YES	GO_NUCLEOSIDE_PHOSPHATE_BIOSYNTHETIC_PROCESS	0.960906445980072	0.6192264556884766
YES	GO_MALE_GAMETE_GENERATION	0.9761545658111572	0.9019895195960999
YES	GO_ACTIN_FILAMENT_BASED_MOVEMENT	0.9567131400108337	0.539630651473999
YES	GO_REGULATION_OF_CELLULAR_COMPONENT_BIOGENESIS	0.9251381158828735	0.15939024090766907
YES	GO_POSITIVE_REGULATION_OF_NERVOUS_SYSTEM_DEVELOPMENT	0.9569040536880493	0.5431416630744934
YES	GO_CELLULAR_RESPONSE_TO_OXYGEN_CONTAINING_COMPOUND	0.9670481085777283	0.740711510181427
YES	GO_CELLULAR_KETONE_METABOLIC_PROCESS	0.9493729472160339	0.41526490449905396
YES	GO_REGULATION_OF_IMMUNE_RESPONSE	0.9289187788963318	0.1858639419078827
YES	GO_PEPTIDE_SECRETION	0.9330183863639832	0.21936608850955963
YES	GO_LEUKOCYTE_DIFFERENTIATION	0.9360982179641724	0.2482147365808487
YES	GO_INTERLEUKIN_1_PRODUCTION	0.9206808805465698	0.13291248679161072
YES	GO_LEUKOCYTE_MEDIATED_IMMUNITY	0.9298154711723328	0.1927437037229538
NO	GO_ORGANOPHOSPHATE_BIOSYNTHETIC_PROCESS	0.884396493434906	0.03097120113670826
NO	GO_PROTEIN_LOCALIZATION_TO_CELL_PERIPHERY	0.8798808455467224	0.02598361298441887
YES	GO_ORGANIC_ACID_BIOSYNTHETIC_PROCESS	0.9679285883903503	0.7579586505889893
YES	GO_REGULATION_OF_LEUKOCYTE_MIGRATION	0.9535083174705505	0.4826672673225403
YES	GO_POSITIVE_REGULATION_OF_TRANSMEMBRANE_TRANSPORT	0.9379664063453674	0.2673889994621277
YES	GO_POSITIVE_REGULATION_OF_LIPID_TRANSPORT	0.980194091796875	0.9519931077957153
YES	GO_MICROTUBULE_BASED_PROCESS	0.9739609360694885	0.8679643273353577
YES	GO_POSITIVE_REGULATION_OF_CELLULAR_COMPONENT_ORGANIZATION	0.9187355041503906	0.12277468293905258
YES	GO_CARBOHYDRATE_DERIVATIVE_METABOLIC_PROCESS	0.9523435235023499	0.46295589208602905
YES	GO_MONOCARBOXYLIC_ACID_METABOLIC_PROCESS	0.9499127864837646	0.4236498773097992
YES	GO_REGULATION_OF_MEMBRANE_POTENTIAL	0.9310082197189331	0.20227542519569397
YES	GO_REGULATION_OF_GROWTH	0.9657244682312012	0.7145453691482544
YES	GO_CATION_TRANSPORT	0.9836978316307068	0.9800206422805786
YES	GO_ORGANONITROGEN_COMPOUND_CATABOLIC_PROCESS	0.9504580497741699	0.43224799633026123
YES	GO_ORGANIC_ACID_TRANSPORT	0.9280438423156738	0.17938050627708435
YES	GO_LEUKOCYTE_CHEMOTAXIS	0.9479435086250305	0.39367467164993286
YES	GO_CELL_SUBSTRATE_ADHESION	0.9425579905509949	0.3203200399875641
YES	GO_ORGANIC_HYDROXY_COMPOUND_TRANSPORT	0.9057139754295349	0.07232185453176498
YES	GO_REGULATION_OF_ACTIN_FILAMENT_BASED_PROCESS	0.9756627082824707	0.8947340846061707
YES	GO_WOUND_HEALING	0.956953227519989	0.5440470576286316
YES	GO_NUCLEOBASE_CONTAINING_SMALL_MOLECULE_METABOLIC_PROCESS	0.973812460899353	0.8655158281326294
YES	GO_POSITIVE_REGULATION_OF_LEUKOCYTE_PROLIFERATION	0.9644644260406494	0.6895062327384949
YES	GO_DEFENSE_RESPONSE	0.9700238704681396	0.7981378436088562
YES	GO_PHOSPHOLIPID_BIOSYNTHETIC_PROCESS	0.983694314956665	0.9799996614456177
YES	GO_POSITIVE_REGULATION_OF_HYDROLASE_ACTIVITY	0.9709861278533936	0.8160180449485779
YES	GO_CYTOKINE_PRODUCTION	0.9698448181152344	0.7947655320167542
YES	GO_CELL_MOTILITY	0.9565518498420715	0.5366742610931396
YES	GO_REGULATION_OF_MONONUCLEAR_CELL_MIGRATION	0.9483683705329895	0.3999987840652466
YES	GO_MICROTUBULE_CYTOSKELETON_ORGANIZATION	0.9525728821754456	0.4667935371398926
YES	GO_HISTONE_EXCHANGE	0.9222127199172974	0.1414795070886612
YES	GO_LIPID_HOMEOSTASIS	0.9698019027709961	0.7939546704292297
YES	GO_PEPTIDE_METABOLIC_PROCESS	0.9480891823768616	0.39583447575569153
YES	GO_GLYCEROLIPID_METABOLIC_PROCESS	0.9686164259910583	0.7713038921356201
YES	GO_PEPTIDYL_AMINO_ACID_MODIFICATION	0.9524217844009399	0.4642627537250519
YES	GO_SECRETION	0.957588255405426	0.55582195520401
YES	GO_CELL_ACTIVATION_INVOLVED_IN_IMMUNE_RESPONSE	0.9673926830291748	0.7474807500839233
YES	GO_ANION_TRANSPORT	0.9740545153617859	0.8694996237754822
YES	GO_CELL_CELL_ADHESION	0.9517741799354553	0.45352476835250854
YES	GO_CHOLESTEROL_EFFLUX	0.9601759314537048	0.6050319671630859
YES	GO_CHROMATIN_ASSEMBLY_OR_DISASSEMBLY	0.9555032253265381	0.5176771879196167
YES	GO_REGULATION_OF_LIPID_BIOSYNTHETIC_PROCESS	0.9053723812103271	0.07133054733276367
YES	GO_RESPONSE_TO_XENOBIOTIC_STIMULUS	0.9854065775871277	0.9885711669921875
YES	GO_POSITIVE_REGULATION_OF_RESPONSE_TO_EXTERNAL_STIMULUS	0.9653524160385132	0.7071589231491089
YES	GO_POSTTRANSCRIPTIONAL_REGULATION_OF_GENE_EXPRESSION	0.939683198928833	0.28618940711021423
YES	GO_RESPONSE_TO_ENDOGENOUS_STIMULUS	0.9613329768180847	0.6275640726089478
YES	GO_EMBRYO_DEVELOPMENT	0.9144942760467529	0.10328413546085358
YES	GO_REGULATION_OF_LEUKOCYTE_DIFFERENTIATION	0.9454590082168579	0.3582742214202881
YES	GO_DNA_CONFORMATION_CHANGE	0.957262396812439	0.5497628450393677
YES	GO_SEXUAL_REPRODUCTION	0.9609237909317017	0.6195653080940247
YES	GO_EPIDERMAL_CELL_DIFFERENTIATION	0.980756938457489	0.9574835896492004
YES	GO_TAXIS	0.9597679376602173	0.5971552133560181
YES	GO_SMALL_MOLECULE_BIOSYNTHETIC_PROCESS	0.9302338361740112	0.19603697955608368
YES	GO_REGULATION_OF_MYELOID_CELL_DIFFERENTIATION	0.9524493217468262	0.46472299098968506
YES	GO_REGULATION_OF_RESPONSE_TO_EXTERNAL_STIMULUS	0.9461499452590942	0.367849200963974
YES	GO_POSITIVE_REGULATION_OF_MUSCLE_CONTRACTION	0.9158326387405396	0.1090717613697052
YES	GO_STRIATED_MUSCLE_CONTRACTION	0.9772873520851135	0.9177954196929932
YES	GO_LEUKOCYTE_MIGRATION	0.8989901542663574	0.055178094655275345
NO	GO_NEGATIVE_REGULATION_OF_GENE_EXPRESSION_EPIGENETIC	0.8955518007278442	0.04809665307402611
YES	GO_POSITIVE_REGULATION_OF_CATALYTIC_ACTIVITY	0.9652162790298462	0.7044541239738464
YES	GO_PEPTIDYL_LYSINE_MODIFICATION	0.9108272194862366	0.08897233754396439
YES	GO_REGULATION_OF_LIPID_METABOLIC_PROCESS	0.9500653743743896	0.42604321241378784
YES	GO_REGULATION_OF_HEMOPOIESIS	0.9696486592292786	0.791056215763092
YES	GO_ION_TRANSMEMBRANE_TRANSPORT	0.9681957364082336	0.7631572484970093
YES	GO_POSITIVE_REGULATION_OF_PROTEIN_TYROSINE_KINASE_ACTIVITY	0.9314512610435486	0.20592959225177765
YES	GO_MITOTIC_CELL_CYCLE	0.962334156036377	0.647254228591919
YES	GO_POSITIVE_REGULATION_OF_CELLULAR_COMPONENT_BIOGENESIS	0.95953768491745	0.592728316783905
YES	GO_BONE_DEVELOPMENT	0.9149412512779236	0.10518158972263336
YES	GO_NEGATIVE_REGULATION_OF_TRANSPORT	0.9538798928260803	0.48907050490379333
YES	GO_PROTEIN_LOCALIZATION_TO_MEMBRANE	0.9766467809677124	0.909015953540802
YES	GO_REGULATION_OF_TRANSPORTER_ACTIVITY	0.9459096789360046	0.3644961416721344
YES	GO_EAR_DEVELOPMENT	0.9454646110534668	0.35835105180740356
YES	GO_POSITIVE_REGULATION_OF_MOLECULAR_FUNCTION	0.98138427734375	0.9631558060646057
YES	GO_LYMPHOCYTE_ACTIVATION	0.9408139586448669	0.29921063780784607
YES	GO_DEFENSE_RESPONSE_TO_OTHER_ORGANISM	0.953788161277771	0.48748454451560974
YES	GO_LEUKOCYTE_PROLIFERATION	0.98046875	0.954719603061676
YES	GO_REGULATION_OF_SMALL_GTPASE_MEDIATED_SIGNAL_TRANSDUCTION	0.9336175918579102	0.22472012042999268
YES	GO_ORGANELLE_FISSION	0.9202731847763062	0.13072079420089722
YES	GO_MUSCLE_STRUCTURE_DEVELOPMENT	0.9576460123062134	0.5568989515304565
YES	GO_CELLULAR_RESPONSE_TO_HORMONE_STIMULUS	0.9791164994239807	0.9404368996620178
NO	GO_DNA_REPAIR	0.8769305944442749	0.023187046870589256
YES	GO_PROTEIN_HETEROTETRAMERIZATION	0.9720868468284607	0.83589106798172
YES	GO_MUSCLE_CONTRACTION	0.9608869552612305	0.6188467741012573
YES	GO_ENZYME_LINKED_RECEPTOR_PROTEIN_SIGNALING_PATHWAY	0.9633933901786804	0.6682230234146118
YES	GO_REGULATION_OF_CALCIUM_ION_TRANSMEMBRANE_TRANSPORT	0.9665944576263428	0.7317699193954468
YES	GO_RESPONSE_TO_BACTERIUM	0.9732000827789307	0.8552396893501282
YES	GO_POSITIVE_REGULATION_OF_LEUKOCYTE_MIGRATION	0.9312682151794434	0.20441226661205292
YES	GO_REGULATION_OF_SECRETION	0.96177077293396	0.6361548900604248
YES	GO_CELLULAR_RESPONSE_TO_TOXIC_SUBSTANCE	0.962024986743927	0.6411577463150024
YES	GO_LYMPHOCYTE_MEDIATED_IMMUNITY	0.9544430375099182	0.4988797903060913
YES	GO_DETECTION_OF_CHEMICAL_STIMULUS_INVOLVED_IN_SENSORY_PERCEPTION_OF_TASTE	0.9413024187088013	0.304996132850647
YES	GO_CELLULAR_HORMONE_METABOLIC_PROCESS	0.9428443312644958	0.32390668988227844
YES	GO_REGULATION_OF_PEPTIDYL_TYROSINE_PHOSPHORYLATION	0.9805190563201904	0.9552090167999268
YES	GO_REGULATION_OF_CATABOLIC_PROCESS	0.9602575302124023	0.6066109538078308
YES	GO_POSITIVE_REGULATION_OF_ION_TRANSPORT	0.9678146243095398	0.7557364702224731
YES	GO_HUMORAL_IMMUNE_RESPONSE	0.9793545007705688	0.9431063532829285
YES	GO_MYELOID_LEUKOCYTE_ACTIVATION	0.9249570965766907	0.15821988880634308
YES	GO_REPRODUCTIVE_SYSTEM_DEVELOPMENT	0.9592508673667908	0.5872315764427185
YES	GO_GLIOGENESIS	0.9695691466331482	0.7895475029945374
YES	GO_MAINTENANCE_OF_LOCATION	0.9778455495834351	0.9250943660736084
YES	GO_POSITIVE_REGULATION_OF_CALCIUM_ION_TRANSMEMBRANE_TRANSPORT	0.9255858659744263	0.16232167184352875
YES	GO_SENSORY_PERCEPTION_OF_TASTE	0.9874262809753418	0.9949730634689331
YES	GO_POSITIVE_REGULATION_OF_CELL_ADHESION	0.9682188034057617	0.7636049389839172
YES	GO_ORGANIC_ACID_METABOLIC_PROCESS	0.9572093486785889	0.5487809777259827
YES	GO_CYCLIC_NUCLEOTIDE_MEDIATED_SIGNALING	0.9641017317771912	0.6822943091392517
YES	GO_REGULATION_OF_SYMBIOSIS_ENCOMPASSING_MUTUALISM_THROUGH_PARASITISM	0.9708050489425659	0.8126871585845947
YES	GO_POSITIVE_REGULATION_OF_IMMUNE_SYSTEM_PROCESS	0.9775430560112	0.9211801886558533
YES	GO_CELLULAR_AMIDE_METABOLIC_PROCESS	0.9423493146896362	0.31772732734680176
YES	GO_POSITIVE_REGULATION_OF_PHOSPHORUS_METABOLIC_PROCESS	0.9391120076179504	0.27980583906173706
YES	GO_REGULATION_OF_MEGAKARYOCYTE_DIFFERENTIATION	0.9649465084075928	0.6990913152694702
YES	GO_NEGATIVE_REGULATION_OF_HEMOPOIESIS	0.9658756256103516	0.7175435423851013
YES	GO_REGULATION_OF_MUSCLE_CELL_DIFFERENTIATION	0.9785716533660889	0.9340822100639343
YES	GO_REGULATION_OF_METAL_ION_TRANSPORT	0.9249368906021118	0.15808945894241333
NO	GO_CARBOHYDRATE_DERIVATIVE_BIOSYNTHETIC_PROCESS	0.8644952178001404	0.014457471668720245
YES	GO_RAS_PROTEIN_SIGNAL_TRANSDUCTION	0.9587116837501526	0.576958179473877
YES	GO_REGULATION_OF_HORMONE_SECRETION	0.9298276901245117	0.19283883273601532
YES	GO_REGULATION_OF_CALCIUM_ION_TRANSPORT	0.9671405553817749	0.7425304651260376
YES	GO_SENSORY_PERCEPTION_OF_LIGHT_STIMULUS	0.9851672649383545	0.98755943775177
YES	GO_RESPONSE_TO_HORMONE	0.9524173736572266	0.4641893804073334
NO	GO_CILIUM_ORGANIZATION	0.8931673169136047	0.04374624788761139
YES	GO_REGULATION_OF_CELLULAR_LOCALIZATION	0.9919818639755249	0.9997441172599792
YES	GO_NEGATIVE_REGULATION_OF_ESTABLISHMENT_OF_PROTEIN_LOCALIZATION	0.9421480894088745	0.3152448832988739
YES	GO_REGULATION_OF_CELLULAR_KETONE_METABOLIC_PROCESS	0.9754633903503418	0.8917297720909119
YES	GO_INTERFERON_GAMMA_PRODUCTION	0.9726858139038086	0.8464035987854004
YES	GO_ORGANIC_ACID_CATABOLIC_PROCESS	0.9250861406326294	0.15905319154262543
YES	GO_AMIDE_BIOSYNTHETIC_PROCESS	0.9574198722839355	0.5526863932609558
YES	GO_POSITIVE_REGULATION_OF_MULTICELLULAR_ORGANISMAL_PROCESS	0.9544216990470886	0.49850568175315857
YES	GO_INNATE_IMMUNE_RESPONSE	0.9650119543075562	0.7003923654556274
YES	GO_G_PROTEIN_COUPLED_RECEPTOR_SIGNALING_PATHWAY	0.9688187837600708	0.7752044796943665
NO	GO_COVALENT_CHROMATIN_MODIFICATION	0.8454185724258423	0.007176934741437435
YES	GO_SKELETAL_MUSCLE_ORGAN_DEVELOPMENT	0.9603583216667175	0.6085649132728577
YES	GO_PROTEIN_LIPID_COMPLEX_SUBUNIT_ORGANIZATION	0.9802361726760864	0.9524168968200684
YES	GO_RESPONSE_TO_ORGANIC_CYCLIC_COMPOUND	0.928085446357727	0.17968402802944183
YES	GO_FAT_SOLUBLE_VITAMIN_METABOLIC_PROCESS	0.9786593317985535	0.935127317905426
YES	GO_REGULATION_OF_RESPONSE_TO_STRESS	0.9827220439910889	0.9736769795417786
YES	GO_CELLULAR_LIPID_CATABOLIC_PROCESS	0.9572440385818481	0.5494228005409241
YES	GO_GRANULOCYTE_MIGRATION	0.9588290452957153	0.5791882276535034
YES	GO_POSITIVE_REGULATION_OF_CELL_ACTIVATION	0.9557339549064636	0.5218234062194824
YES	GO_BLOOD_VESSEL_MORPHOGENESIS	0.9861539006233215	0.991367757320404
YES	GO_PROTEIN_PHOSPHORYLATION	0.938602864742279	0.2742248475551605
YES	GO_REGULATION_OF_CELL_DIFFERENTIATION	0.9669502377510071	0.7387858629226685
YES	GO_ENDOTHELIUM_DEVELOPMENT	0.9660091400146484	0.720190167427063
YES	GO_DOUBLE_STRAND_BREAK_REPAIR	0.9524779915809631	0.4652029871940613
YES	GO_RESPONSE_TO_INTERLEUKIN_1	0.9516317844390869	0.45118674635887146
YES	GO_NEGATIVE_REGULATION_OF_DEFENSE_RESPONSE	0.9655322432518005	0.7107295393943787
YES	GO_RESPONSE_TO_ESTROGEN	0.90708327293396	0.07644014805555344
YES	GO_DETOXIFICATION	0.9600125551223755	0.6018734574317932
YES	GO_SMALL_GTPASE_MEDIATED_SIGNAL_TRANSDUCTION	0.9185905456542969	0.12205083668231964
YES	GO_REGULATION_OF_PEPTIDASE_ACTIVITY	0.9520127773284912	0.45746082067489624
YES	GO_POSITIVE_REGULATION_OF_TRANSFERASE_ACTIVITY	0.954087495803833	0.4926723837852478
YES	GO_REGULATION_OF_IMMUNE_SYSTEM_PROCESS	0.9297542572021484	0.19226644933223724
YES	GO_NEGATIVE_REGULATION_OF_MITOTIC_CELL_CYCLE	0.9617587327957153	0.6359177827835083
YES	GO_NEGATIVE_REGULATION_OF_MOLECULAR_FUNCTION	0.9615683555603027	0.6321790218353271
NO	GO_REGULATION_OF_LYMPHOCYTE_DIFFERENTIATION	0.8926327228546143	0.04282837733626366
YES	GO_CHROMATIN_ORGANIZATION	0.9001190066337585	0.057732272893190384
YES	GO_ORGANIC_ANION_TRANSPORT	0.9576783180236816	0.557502269744873
YES	GO_RESPONSE_TO_OXYGEN_CONTAINING_COMPOUND	0.9039434194564819	0.06733295321464539
YES	GO_GASTRULATION	0.9803103804588318	0.9531583189964294
YES	GO_VIRAL_GENOME_REPLICATION	0.9767178297042847	0.9100106358528137
YES	GO_HOMEOSTASIS_OF_NUMBER_OF_CELLS	0.9718283414840698	0.8312861323356628
YES	GO_REGULATION_OF_LIPID_TRANSPORT	0.9269270300865173	0.17142336070537567
YES	GO_POSITIVE_REGULATION_OF_HORMONE_SECRETION	0.9749369025230408	0.8836207985877991
YES	GO_REGULATION_OF_LYMPHOCYTE_MEDIATED_IMMUNITY	0.9652420282363892	0.7049657702445984
NO	GO_NOTCH_SIGNALING_PATHWAY	0.8543879985809326	0.009939155541360378
YES	GO_RESPONSE_TO_RADIATION	0.9454730749130249	0.35846763849258423
YES	GO_INFLAMMATORY_RESPONSE	0.9587073922157288	0.5768768787384033
YES	GO_REGULATION_OF_NIK_NF_KAPPAB_SIGNALING	0.9751831293106079	0.8874440789222717
YES	GO_REGULATION_OF_CELL_CYCLE	0.9339422583580017	0.22767186164855957
YES	GO_TUBE_DEVELOPMENT	0.9741545915603638	0.8711333870887756
YES	GO_LOCOMOTION	0.9692277908325195	0.7830474972724915
YES	GO_RESPONSE_TO_EXTRACELLULAR_STIMULUS	0.9351950883865356	0.23940743505954742
YES	GO_ORGANELLE_ASSEMBLY	0.9480966329574585	0.39594516158103943
YES	GO_GLYCEROLIPID_BIOSYNTHETIC_PROCESS	0.9401227831840515	0.2911897599697113
YES	GO_NIK_NF_KAPPAB_SIGNALING	0.9254506826400757	0.1614311933517456
YES	GO_NEGATIVE_REGULATION_OF_SECRETION	0.960508406162262	0.6114781498908997
YES	GO_REGULATION_OF_PROTEIN_CATABOLIC_PROCESS	0.9866539239883423	0.9929488301277161
YES	GO_OXIDATION_REDUCTION_PROCESS	0.9517422914505005	0.4530004560947418
YES	GO_VIRAL_LIFE_CYCLE	0.9236389994621277	0.14994843304157257
YES	GO_CELL_MORPHOGENESIS_INVOLVED_IN_DIFFERENTIATION	0.930648922920227	0.19935737550258636
YES	GO_NEGATIVE_REGULATION_OF_CHROMOSOME_ORGANIZATION	0.9478085041046143	0.39168184995651245
NO	GO_NEGATIVE_REGULATION_OF_INFLAMMATORY_RESPONSE	0.8430519104003906	0.006593188736587763
NO	GO_DNA_TEMPLATED_TRANSCRIPTION_INITIATION	0.8624274134635925	0.01338148396462202
YES	GO_CELLULAR_PROCESS_INVOLVED_IN_REPRODUCTION_IN_MULTICELLULAR_ORGANISM	0.9477466344833374	0.3907710313796997
YES	GO_POSITIVE_REGULATION_OF_CELL_DEATH	0.952133059501648	0.4594535231590271
YES	GO_TUMOR_NECROSIS_FACTOR_MEDIATED_SIGNALING_PATHWAY	0.9542065262794495	0.49474480748176575
YES	GO_DEFENSE_RESPONSE_TO_GRAM_NEGATIVE_BACTERIUM	0.9328032732009888	0.21747401356697083
YES	GO_SIGNAL_RELEASE	0.9737905859947205	0.8651533126831055
YES	GO_REGULATION_OF_T_CELL_DIFFERENTIATION	0.9287298321723938	0.18444505333900452
YES	GO_ADAPTIVE_IMMUNE_RESPONSE	0.9738512635231018	0.866157054901123
YES	GO_REGULATION_OF_PROTEASOMAL_PROTEIN_CATABOLIC_PROCESS	0.9662928581237793	0.7258082032203674
YES	GO_CELLULAR_RESPONSE_TO_NITROGEN_COMPOUND	0.962576687335968	0.6520447731018066
YES	GO_NEGATIVE_REGULATION_OF_CELL_DEATH	0.9299899935722351	0.19411097466945648
YES	GO_NEUROGENESIS	0.9426499009132385	0.32146719098091125
YES	GO_ENDOMEMBRANE_SYSTEM_ORGANIZATION	0.9261689782142639	0.16621923446655273
YES	GO_GLYCEROPHOSPHOLIPID_METABOLIC_PROCESS	0.9540591239929199	0.4921787977218628
YES	GO_REGULATION_OF_NERVOUS_SYSTEM_PROCESS	0.9874114990234375	0.9949387311935425
YES	GO_REGULATION_OF_DNA_METABOLIC_PROCESS	0.9055527448654175	0.07185221463441849
YES	GO_GROWTH	0.9617599248886108	0.6359414458274841
YES	GO_EMBRYONIC_MORPHOGENESIS	0.9509945511817932	0.4408318102359772
YES	GO_DIGESTIVE_SYSTEM_PROCESS	0.9725558757781982	0.8441417217254639
YES	GO_NEGATIVE_REGULATION_OF_CATALYTIC_ACTIVITY	0.962165892124176	0.6439347863197327
YES	GO_POSITIVE_REGULATION_OF_CYTOKINE_SECRETION	0.9604712128639221	0.6107555031776428
YES	GO_MONOCARBOXYLIC_ACID_BIOSYNTHETIC_PROCESS	0.9394980669021606	0.28410619497299194
YES	GO_SYNAPTIC_SIGNALING	0.9640414118766785	0.681095540523529
YES	GO_RESPONSE_TO_LIPID	0.9298258423805237	0.19282472133636475
YES	GO_FATTY_ACID_METABOLIC_PROCESS	0.9548330903053284	0.5057455897331238
YES	GO_ACTIVATION_OF_IMMUNE_RESPONSE	0.93930983543396	0.28200235962867737
YES	GO_POSITIVE_REGULATION_OF_PROTEIN_METABOLIC_PROCESS	0.9547920227050781	0.505020260810852
YES	GO_NEGATIVE_REGULATION_OF_CYTOKINE_SECRETION	0.9516411423683167	0.4513401687145233
YES	GO_EPIDERMIS_DEVELOPMENT	0.9710586071014404	0.8173474669456482
YES	GO_ACTIN_MEDIATED_CELL_CONTRACTION	0.9605205059051514	0.6117123961448669
YES	GO_REGULATION_OF_DIGESTIVE_SYSTEM_PROCESS	0.9568971395492554	0.5430137515068054
NO	GO_LIPID_METABOLIC_PROCESS	0.8746410608291626	0.021235883235931396
YES	GO_REGULATION_OF_PROTEIN_LOCALIZATION	0.9716390371322632	0.8278884887695312
NO	GO_STEROID_METABOLIC_PROCESS	0.8911890983581543	0.04044879227876663
YES	GO_DIVALENT_INORGANIC_CATION_HOMEOSTASIS	0.9292798638343811	0.1886054128408432
YES	GO_NEGATIVE_REGULATION_OF_RESPONSE_TO_CYTOKINE_STIMULUS	0.9386436939239502	0.27466851472854614
YES	GO_DRUG_METABOLIC_PROCESS	0.967974066734314	0.7588457465171814
YES	GO_RESPONSE_TO_ABIOTIC_STIMULUS	0.9698044657707214	0.7940032482147217
YES	GO_DRUG_TRANSPORT	0.9620793461799622	0.6422289609909058
YES	GO_MULTI_MULTICELLULAR_ORGANISM_PROCESS	0.9744818806648254	0.876419723033905
YES	GO_MYELOID_LEUKOCYTE_MEDIATED_IMMUNITY	0.9558192491531372	0.523360550403595
YES	GO_ALCOHOL_METABOLIC_PROCESS	0.9148666262626648	0.10486246645450592
YES	GO_POSITIVE_REGULATION_OF_INTRACELLULAR_SIGNAL_TRANSDUCTION	0.9467419385910034	0.3762179911136627
YES	GO_NEGATIVE_REGULATION_OF_GROWTH	0.9471102952957153	0.38150250911712646
YES	GO_REGULATION_OF_SYSTEM_PROCESS	0.9544359445571899	0.49875566363334656
YES	GO_REGULATION_OF_CYTOSOLIC_CALCIUM_ION_CONCENTRATION	0.9456858038902283	0.36139437556266785
YES	GO_RESPONSE_TO_BMP	0.9765059947967529	0.9070309996604919
YES	GO_SMALL_MOLECULE_CATABOLIC_PROCESS	0.9667393565177917	0.7346293926239014
YES	GO_HEAD_DEVELOPMENT	0.9557853937149048	0.5227504372596741
YES	GO_CYTOKINE_SECRETION	0.9655057787895203	0.7102047801017761
YES	GO_LYMPHOCYTE_CHEMOTAXIS	0.9493663907051086	0.41516387462615967
YES	GO_ORGANIC_CYCLIC_COMPOUND_CATABOLIC_PROCESS	0.9682251811027527	0.7637287974357605
YES	GO_NON_RECOMBINATIONAL_REPAIR	0.9644907712936401	0.6900298595428467
YES	GO_CARBOHYDRATE_METABOLIC_PROCESS	0.9408718943595886	0.29989176988601685
YES	GO_REGULATION_OF_CELL_CELL_ADHESION	0.9743077754974365	0.873618483543396
YES	GO_REGULATION_OF_T_CELL_MEDIATED_IMMUNITY	0.9462475776672363	0.3692187964916229
YES	GO_CELL_SURFACE_RECEPTOR_SIGNALING_PATHWAY_INVOLVED_IN_CELL_CELL_SIGNALING	0.9629299640655518	0.6590352654457092
YES	GO_MEIOTIC_CELL_CYCLE	0.9436497688293457	0.3341817855834961
YES	GO_CELLULAR_LIPID_METABOLIC_PROCESS	0.9471738934516907	0.3824208080768585
YES	GO_INTERSPECIES_INTERACTION_BETWEEN_ORGANISMS	0.9325394630432129	0.21517401933670044
YES	GO_GLUCOSE_METABOLIC_PROCESS	0.908932089805603	0.08238550275564194
YES	GO_CARBOHYDRATE_HOMEOSTASIS	0.9778087735176086	0.9246242642402649
YES	GO_CELL_CYCLE	0.9108444452285767	0.08903458714485168
YES	GO_REGULATION_OF_MYOTUBE_DIFFERENTIATION	0.9635852575302124	0.6720322966575623
YES	GO_CELLULAR_CARBOHYDRATE_METABOLIC_PROCESS	0.9466090202331543	0.37432509660720825
YES	GO_RESPONSE_TO_DRUG	0.9156540632247925	0.10828077048063278
YES	GO_LIPID_BIOSYNTHETIC_PROCESS	0.937693178653717	0.26450270414352417
YES	GO_MEGAKARYOCYTE_DIFFERENTIATION	0.9643250703811646	0.6867344975471497
YES	GO_RESPONSE_TO_GROWTH_FACTOR	0.9619338512420654	0.6393628120422363
YES	GO_REGULATION_OF_LEUKOCYTE_MEDIATED_IMMUNITY	0.9758723378181458	0.8978543281555176
YES	GO_REGULATION_OF_CHROMATIN_ORGANIZATION	0.9183369278907776	0.12079504877328873
YES	GO_CELL_FATE_COMMITMENT	0.963631272315979	0.672946035861969
YES	GO_POSITIVE_REGULATION_OF_PEPTIDYL_TYROSINE_PHOSPHORYLATION	0.9187885522842407	0.12304069101810455
YES	GO_NEGATIVE_REGULATION_OF_HYDROLASE_ACTIVITY	0.9482713341712952	0.3985477387905121
YES	GO_MULTI_ORGANISM_REPRODUCTIVE_PROCESS	0.9723419547080994	0.8403956294059753
YES	GO_REGULATION_OF_PLASMA_LIPOPROTEIN_PARTICLE_LEVELS	0.91676926612854	0.11331580579280853
YES	GO_DETECTION_OF_STIMULUS	0.9411423802375793	0.30308982729911804
YES	GO_REGULATION_OF_LEUKOCYTE_CHEMOTAXIS	0.9591655135154724	0.5855997800827026
YES	GO_REGULATION_OF_TUMOR_NECROSIS_FACTOR_MEDIATED_SIGNALING_PATHWAY	0.9328410029411316	0.2178047150373459
NO	GO_PEPTIDYL_TYROSINE_MODIFICATION	0.8866756558418274	0.03386109694838524
YES	GO_LEUKOCYTE_CELL_CELL_ADHESION	0.9756577610969543	0.894660234451294
YES	GO_MULTICELLULAR_ORGANISMAL_HOMEOSTASIS	0.9770588278770447	0.9147114753723145
YES	GO_POSITIVE_REGULATION_OF_CYTOKINE_PRODUCTION	0.962081789970398	0.6422762274742126
YES	GO_GAMETE_GENERATION	0.9521523714065552	0.45977458357810974
YES	GO_REGULATION_OF_CELLULAR_AMIDE_METABOLIC_PROCESS	0.9469856023788452	0.3797069489955902
YES	GO_DNA_REPLICATION_DEPENDENT_NUCLEOSOME_ORGANIZATION	0.9437010884284973	0.3348459005355835
YES	GO_CELLULAR_COMPONENT_MORPHOGENESIS	0.9669655561447144	0.7390866279602051
YES	GO_NEGATIVE_REGULATION_OF_MEGAKARYOCYTE_DIFFERENTIATION	0.9262068271636963	0.16647528111934662
YES	GO_POSITIVE_REGULATION_OF_PROTEIN_MODIFICATION_PROCESS	0.9760932922363281	0.9010987281799316
YES	GO_DEPHOSPHORYLATION	0.9617171287536621	0.6351005434989929
YES	GO_POSITIVE_REGULATION_OF_CELL_CELL_ADHESION	0.9278919696807861	0.17827768623828888
YES	GO_MULTICELLULAR_ORGANISMAL_SIGNALING	0.9726896286010742	0.846469521522522
YES	GO_NEGATIVE_REGULATION_OF_DEVELOPMENTAL_PROCESS	0.9159559607505798	0.10962110012769699
YES	GO_ORGANIC_HYDROXY_COMPOUND_BIOSYNTHETIC_PROCESS	0.9225170612335205	0.1432458609342575
YES	GO_MYOTUBE_DIFFERENTIATION	0.9765214920043945	0.9072504639625549
YES	GO_REGULATION_OF_RESPONSE_TO_BIOTIC_STIMULUS	0.9719723463058472	0.8338555097579956
YES	GO_REGULATION_OF_ANATOMICAL_STRUCTURE_MORPHOGENESIS	0.9518653750419617	0.4550262689590454
YES	GO_HOMOTYPIC_CELL_CELL_ADHESION	0.946831464767456	0.3774968385696411
YES	GO_POSITIVE_REGULATION_OF_IMMUNE_EFFECTOR_PROCESS	0.9519984126091003	0.45722323656082153
YES	GO_MACROMOLECULE_CATABOLIC_PROCESS	0.9458975791931152	0.36432814598083496
YES	GO_DEVELOPMENTAL_PROCESS_INVOLVED_IN_REPRODUCTION	0.9200729727745056	0.1296575963497162
YES	GO_REGULATION_OF_CELLULAR_PROTEIN_CATABOLIC_PROCESS	0.9588050246238708	0.578730583190918
YES	GO_REGULATION_OF_CELL_DEATH	0.9366440176963806	0.2536817491054535
YES	GO_HEART_PROCESS	0.9846638441085815	0.985238790512085
YES	GO_MUSCLE_SYSTEM_PROCESS	0.9417641162872314	0.31055474281311035
YES	GO_REGULATION_OF_MAP_KINASE_ACTIVITY	0.9494113922119141	0.4158574640750885
YES	GO_REGULATION_OF_CHEMOTAXIS	0.9298774003982544	0.1932278573513031
YES	GO_NEGATIVE_REGULATION_OF_RESPONSE_TO_STIMULUS	0.9351816177368164	0.23927827179431915
YES	GO_REGULATION_OF_MULTI_ORGANISM_PROCESS	0.9685994386672974	0.7709765434265137
YES	GO_CELLULAR_RESPONSE_TO_ENDOGENOUS_STIMULUS	0.9643768668174744	0.6877647638320923
YES	GO_LIPID_CATABOLIC_PROCESS	0.9416347742080688	0.3089883327484131
YES	GO_ION_HOMEOSTASIS	0.9726150631904602	0.8451734185218811
YES	GO_POSITIVE_REGULATION_OF_ERK1_AND_ERK2_CASCADE	0.9497584104537964	0.4212397336959839
YES	GO_POSITIVE_REGULATION_OF_PEPTIDE_SECRETION	0.9611239433288574	0.6234741806983948
YES	GO_STEROL_TRANSPORT	0.9703843593597412	0.8048864603042603
YES	GO_ORGANONITROGEN_COMPOUND_BIOSYNTHETIC_PROCESS	0.9730359315872192	0.8524385094642639
YES	GO_REGULATION_OF_CHROMOSOME_ORGANIZATION	0.9463763236999512	0.37103092670440674
YES	GO_REGULATION_OF_CELL_ADHESION	0.972194492816925	0.8377968072891235
YES	GO_REGULATION_OF_STEROID_METABOLIC_PROCESS	0.9396675825119019	0.2860125005245209
YES	GO_TUBE_MORPHOGENESIS	0.9577926993370056	0.5596399903297424
YES	GO_SENSORY_ORGAN_DEVELOPMENT	0.9939458966255188	0.999972939491272
YES	GO_CELL_PROJECTION_ORGANIZATION	0.9056065082550049	0.07200846076011658
YES	GO_NEGATIVE_REGULATION_OF_PROTEIN_METABOLIC_PROCESS	0.9484043121337891	0.4005372226238251
YES	GO_REGULATION_OF_INFLAMMATORY_RESPONSE	0.9594675302505493	0.5913811922073364
YES	GO_RESPONSE_TO_INTERFERON_GAMMA	0.9538803100585938	0.48907795548439026
YES	GO_POSITIVE_REGULATION_OF_BLOOD_CIRCULATION	0.9458823800086975	0.36411699652671814
YES	GO_SENSORY_ORGAN_MORPHOGENESIS	0.9767858386039734	0.910957396030426
YES	GO_PROTEIN_DNA_COMPLEX_SUBUNIT_ORGANIZATION	0.9439510107040405	0.3380963206291199
YES	GO_RETINA_HOMEOSTASIS	0.9181848764419556	0.1200484037399292
YES	GO_NEGATIVE_REGULATION_OF_MULTI_ORGANISM_PROCESS	0.9187963604927063	0.12307974696159363
YES	GO_NEURON_DIFFERENTIATION	0.9461900591850281	0.36841079592704773
YES	GO_PROTEASOMAL_PROTEIN_CATABOLIC_PROCESS	0.9124939441680908	0.09520881623029709
YES	GO_FERTILIZATION	0.9676300287246704	0.7521289587020874
YES	GO_GLIAL_CELL_DIFFERENTIATION	0.9421037435531616	0.31470006704330444
YES	GO_REGULATION_OF_PEPTIDE_SECRETION	0.9706489443778992	0.8098018765449524
NO	GO_LYMPHOCYTE_MIGRATION	0.8856364488601685	0.03250984475016594
YES	GO_POSITIVE_REGULATION_OF_DEVELOPMENTAL_PROCESS	0.9158022403717041	0.10893663018941879
YES	GO_RESPONSE_TO_BIOTIC_STIMULUS	0.9847816228866577	0.9858056902885437
YES	GO_RESPONSE_TO_TOXIC_SUBSTANCE	0.9504582285881042	0.4322502315044403
YES	GO_REGULATION_OF_PROTEIN_MODIFICATION_PROCESS	0.9565182328224182	0.5360588431358337
YES	GO_EPITHELIAL_CELL_PROLIFERATION	0.9809370636940002	0.9591604471206665
YES	GO_KERATINIZATION	0.9533074498176575	0.4792287051677704
YES	GO_POSITIVE_REGULATION_OF_CELL_DEVELOPMENT	0.9679464101791382	0.7583062648773193
YES	GO_MONOSACCHARIDE_METABOLIC_PROCESS	0.9432819485664368	0.3294554352760315
YES	GO_TRANSMEMBRANE_RECEPTOR_PROTEIN_TYROSINE_KINASE_SIGNALING_PATHWAY	0.928017258644104	0.17918701469898224
YES	GO_NEGATIVE_REGULATION_OF_CELL_ADHESION	0.9574454426765442	0.5531619191169739
YES	GO_POSITIVE_REGULATION_OF_TRANSPORT	0.9344677329063416	0.2325270175933838
YES	GO_MONOCYTE_CHEMOTAXIS	0.9673986434936523	0.7475978136062622
YES	GO_MYELOID_CELL_DIFFERENTIATION	0.9796263575553894	0.946074366569519
YES	GO_REGULATION_OF_CELLULAR_COMPONENT_MOVEMENT	0.9261404275894165	0.16602636873722076
YES	GO_NEGATIVE_REGULATION_OF_IMMUNE_SYSTEM_PROCESS	0.9421829581260681	0.3156738877296448
YES	GO_ACTIN_FILAMENT_ORGANIZATION	0.952201247215271	0.46058592200279236
YES	GO_FEEDING_BEHAVIOR	0.970320999622345	0.8037039041519165
YES	GO_REGULATION_OF_PROTEIN_SERINE_THREONINE_KINASE_ACTIVITY	0.9578192830085754	0.5601369142532349
YES	GO_REGULATION_OF_TRANSPORT	0.9529039859771729	0.4723714292049408
YES	GO_T_CELL_MEDIATED_IMMUNITY	0.9753590822219849	0.8901429176330566
YES	GO_REGULATION_OF_IMMUNE_EFFECTOR_PROCESS	0.9478731751441956	0.39263561367988586
YES	GO_CALCIUM_ION_TRANSMEMBRANE_TRANSPORT	0.9483731389045715	0.4000701308250427
YES	GO_EXOCYTOSIS	0.9000888466835022	0.057662483304739
YES	GO_NEGATIVE_REGULATION_OF_MYELOID_CELL_DIFFERENTIATION	0.9613184332847595	0.6272792816162109
YES	GO_REGULATION_OF_MUSCLE_SYSTEM_PROCESS	0.9586220979690552	0.5752587914466858
YES	GO_CHROMATIN_REMODELING	0.9514476656913757	0.4481773376464844
YES	GO_IMPORT_INTO_CELL	0.9494792222976685	0.41690605878829956
YES	GO_REGULATION_OF_RESPONSE_TO_CYTOKINE_STIMULUS	0.9547845721244812	0.5048891305923462
YES	GO_PURINE_CONTAINING_COMPOUND_METABOLIC_PROCESS	0.9656342267990112	0.7127543091773987
YES	GO_LIPID_LOCALIZATION	0.9670251607894897	0.7402604222297668
YES	GO_ACTIVATION_OF_PROTEIN_KINASE_ACTIVITY	0.9133468270301819	0.0985705628991127
YES	GO_REGULATION_OF_CELL_CYCLE_PROCESS	0.939289391040802	0.281774640083313
YES	GO_CELL_KILLING	0.9583888053894043	0.5708454251289368
YES	GO_RESPONSE_TO_CYTOKINE	0.9396747350692749	0.2860938012599945
YES	GO_POSITIVE_REGULATION_OF_CELL_DIFFERENTIATION	0.9321072101593018	0.21145585179328918
NO	GO_STEROL_METABOLIC_PROCESS	0.8777288198471069	0.023910904303193092
YES	GO_REGULATION_OF_POSTTRANSCRIPTIONAL_GENE_SILENCING	0.9271689653396606	0.17311710119247437
YES	GO_REGULATION_OF_VIRAL_GENOME_REPLICATION	0.9770169854164124	0.914141058921814
YES	GO_REPRODUCTION	0.9811148047447205	0.9607771039009094
YES	GO_REGULATION_OF_ION_TRANSPORT	0.9815640449523926	0.9646942615509033
YES	GO_NEURON_DEATH	0.9660792946815491	0.7215794920921326
YES	GO_SIGNAL_TRANSDUCTION_BY_PROTEIN_PHOSPHORYLATION	0.987533450126648	0.9952166080474854
YES	GO_RECEPTOR_MEDIATED_ENDOCYTOSIS	0.9416890740394592	0.3096451461315155
YES	GO_CELLULAR_MACROMOLECULE_LOCALIZATION	0.9549419283866882	0.5076719522476196
YES	GO_POSITIVE_REGULATION_OF_INFLAMMATORY_RESPONSE	0.945715606212616	0.3618059754371643
YES	GO_SKIN_DEVELOPMENT	0.9860272407531738	0.9909311532974243
YES	GO_PATTERN_SPECIFICATION_PROCESS	0.9757125377655029	0.8954800963401794
YES	GO_NEGATIVE_REGULATION_OF_VIRAL_GENOME_REPLICATION	0.9582226276397705	0.5677112936973572
YES	GO_EPITHELIAL_CELL_DIFFERENTIATION	0.9626315236091614	0.6531292796134949
YES	GO_METHYLATION	0.9273554682731628	0.17443448305130005
YES	GO_REGULATION_OF_CELL_SHAPE	0.9307264089584351	0.19998309016227722
YES	GO_RESPONSE_TO_NUTRIENT	0.9359397888183594	0.24664850533008575
YES	GO_ORGANELLE_LOCALIZATION	0.9524962306022644	0.46550872921943665
YES	GO_PRODUCTION_OF_MOLECULAR_MEDIATOR_OF_IMMUNE_RESPONSE	0.9697793126106262	0.7935287356376648
YES	GO_MACROMOLECULE_METHYLATION	0.9280940294265747	0.1797465980052948
YES	GO_CHROMATIN_SILENCING_AT_RDNA	0.9329146146774292	0.21845149993896484
YES	GO_POSITIVE_REGULATION_OF_IMMUNE_RESPONSE	0.9654092192649841	0.7082871198654175
YES	GO_POSITIVE_REGULATION_OF_CHEMOTAXIS	0.9552486538887024	0.5131245255470276
YES	GO_MUSCLE_CELL_DIFFERENTIATION	0.987266480922699	0.9945935606956482
YES	GO_MULTICELLULAR_ORGANISM_REPRODUCTION	0.9466856718063354	0.3754158020019531
YES	GO_POSITIVE_REGULATION_OF_INTERFERON_GAMMA_PRODUCTION	0.9734339714050293	0.8591967225074768
YES	GO_REGULATION_OF_ORGANELLE_ORGANIZATION	0.9497681856155396	0.42139187455177307
YES	GO_NEGATIVE_REGULATION_OF_CYTOKINE_PRODUCTION	0.9536099433898926	0.4844127297401428
YES	GO_REGULATION_OF_PROTEOLYSIS	0.9675264954566956	0.750103235244751
YES	GO_ENDOCYTOSIS	0.9675806164741516	0.7511622905731201
YES	GO_POSITIVE_REGULATION_OF_SECRETION	0.9000876545906067	0.057659730315208435
YES	GO_NEGATIVE_REGULATION_OF_MULTICELLULAR_ORGANISMAL_PROCESS	0.9625873565673828	0.6522560715675354
YES	GO_VITAMIN_METABOLIC_PROCESS	0.9194225072860718	0.12626324594020844
YES	GO_LYMPHOCYTE_ACTIVATION_INVOLVED_IN_IMMUNE_RESPONSE	0.9656060338020325	0.7121949195861816
YES	GO_POSITIVE_REGULATION_OF_LEUKOCYTE_CHEMOTAXIS	0.9484822750091553	0.4017077386379242
YES	GO_RESPONSE_TO_TUMOR_NECROSIS_FACTOR	0.9368252754211426	0.25552141666412354
YES	GO_CARDIAC_CONDUCTION	0.9856990575790405	0.9897298812866211
YES	GO_CELLULAR_HOMEOSTASIS	0.9582667350769043	0.5685420036315918
YES	GO_PROTEIN_TETRAMERIZATION	0.9638477563858032	0.677246630191803
YES	GO_REGULATION_OF_ANION_TRANSPORT	0.9859280586242676	0.9905788898468018
YES	GO_DNA_PACKAGING	0.9639025330543518	0.6783344745635986
YES	GO_REGULATION_OF_CELL_DEVELOPMENT	0.9790651202201843	0.9398523569107056
YES	GO_NEGATIVE_REGULATION_OF_ORGANELLE_ORGANIZATION	0.9475191235542297	0.38743695616722107
YES	GO_NEGATIVE_REGULATION_OF_CELL_DIFFERENTIATION	0.9465194344520569	0.3730543553829193
YES	GO_POSITIVE_REGULATION_OF_MONOCYTE_CHEMOTAXIS	0.9412130117416382	0.30392980575561523
YES	GO_REGULATION_OF_MITOTIC_CELL_CYCLE	0.948521077632904	0.40229108929634094
YES	GO_T_CELL_DIFFERENTIATION	0.9319660663604736	0.21025492250919342
YES	GO_REGULATION_OF_CATION_CHANNEL_ACTIVITY	0.9190515279769897	0.12436719238758087
YES	GO_TRANSMEMBRANE_TRANSPORT	0.9441737532615662	0.34101516008377075
NO	GO_REGULATION_OF_GENE_EXPRESSION_EPIGENETIC	0.8741334676742554	0.020827222615480423
YES	GO_NEGATIVE_REGULATION_OF_CELLULAR_COMPONENT_ORGANIZATION	0.9139851927757263	0.10116540640592575
YES	GO_POSITIVE_REGULATION_OF_DEFENSE_RESPONSE	0.9798629283905029	0.9485868215560913
YES	GO_CENTROMERE_COMPLEX_ASSEMBLY	0.9591279625892639	0.5848826169967651
YES	GO_POSITIVE_REGULATION_OF_STRIATED_MUSCLE_CELL_DIFFERENTIATION	0.9442036747932434	0.3414084315299988
YES	GO_INORGANIC_ION_TRANSMEMBRANE_TRANSPORT	0.9682949781417847	0.7650837898254395
YES	GO_NEGATIVE_REGULATION_OF_CELL_CYCLE	0.9591587781906128	0.5854714512825012
YES	GO_REGIONALIZATION	0.9619289040565491	0.6392652988433838
YES	GO_CENTRAL_NERVOUS_SYSTEM_DEVELOPMENT	0.9347237348556519	0.23492732644081116
YES	GO_REGULATION_OF_PHOSPHORUS_METABOLIC_PROCESS	0.965727686882019	0.714608907699585
YES	GO_GENE_SILENCING_BY_RNA	0.9744578003883362	0.8760337233543396
YES	GO_CELL_CELL_ADHESION_VIA_PLASMA_MEMBRANE_ADHESION_MOLECULES	0.9184015989303589	0.12111406028270721
YES	GO_CIRCULATORY_SYSTEM_DEVELOPMENT	0.9564008712768555	0.5339148044586182
YES	GO_BEHAVIOR	0.9340677261352539	0.2288222461938858
YES	GO_CYTOSKELETON_DEPENDENT_INTRACELLULAR_TRANSPORT	0.9439083337783813	0.3375393748283386
YES	GO_DNA_REPLICATION_INDEPENDENT_NUCLEOSOME_ORGANIZATION	0.9441909790039062	0.3412415385246277
YES	GO_RESPONSE_TO_VIRUS	0.9780848622322083	0.9281207919120789
YES	GO_ALCOHOL_BIOSYNTHETIC_PROCESS	0.965124249458313	0.7026242613792419
YES	GO_ISOPRENOID_METABOLIC_PROCESS	0.9531976580619812	0.4773563742637634
YES	GO_NEGATIVE_REGULATION_OF_PROTEIN_MODIFICATION_PROCESS	0.9591492414474487	0.5852892994880676
YES	GO_CELLULAR_RESPONSE_TO_DRUG	0.9428614974021912	0.32412299513816833
YES	GO_CELLULAR_RESPONSE_TO_DNA_DAMAGE_STIMULUS	0.905584990978241	0.07194600999355316
YES	GO_REGULATION_OF_GTPASE_ACTIVITY	0.9532673358917236	0.47854387760162354
YES	GO_BIOLOGICAL_ADHESION	0.9622151255607605	0.6449052095413208
YES	GO_HORMONE_METABOLIC_PROCESS	0.9400781393051147	0.29067835211753845
YES	GO_CELL_CYCLE_PROCESS	0.9539353251457214	0.4900304675102234
YES	GO_REGULATION_OF_GENE_SILENCING	0.9642058610916138	0.6843649744987488
YES	GO_ENDOCRINE_PROCESS	0.9816182255744934	0.9651502370834351
YES	GO_POSITIVE_REGULATION_OF_ESTABLISHMENT_OF_PROTEIN_LOCALIZATION	0.9164568781852722	0.11188215762376785
YES	GO_CELL_GROWTH	0.969296395778656	0.7843573689460754
YES	GO_TRANSMEMBRANE_RECEPTOR_PROTEIN_SERINE_THREONINE_KINASE_SIGNALING_PATHWAY	0.9003997445106506	0.05838621407747269
YES	GO_LYMPHOCYTE_DIFFERENTIATION	0.9205785989761353	0.132359117269516
YES	GO_REGULATION_OF_POTASSIUM_ION_TRANSPORT	0.9188214540481567	0.12320554256439209
YES	GO_DEFENSE_RESPONSE_TO_BACTERIUM	0.9786178469657898	0.934633731842041
YES	GO_REGULATION_OF_CATION_TRANSMEMBRANE_TRANSPORT	0.9663412570953369	0.726766049861908
YES	GO_PROTEOLYSIS	0.9545884728431702	0.5014328360557556
YES	GO_PHOSPHATIDYLINOSITOL_3_KINASE_SIGNALING	0.9216099381446838	0.13804467022418976
YES	GO_ERK1_AND_ERK2_CASCADE	0.9148623943328857	0.10484451055526733
YES	GO_TYROSINE_PHOSPHORYLATION_OF_STAT_PROTEIN	0.9722849130630493	0.8393924236297607
YES	GO_POSITIVE_REGULATION_OF_ANION_TRANSPORT	0.9735875725746155	0.8617745041847229
YES	GO_REGULATION_OF_MONOCYTE_CHEMOTAXIS	0.9758192896842957	0.8970690965652466
YES	GO_RESPONSE_TO_MOLECULE_OF_BACTERIAL_ORIGIN	0.9648942947387695	0.6980537176132202
YES	GO_DEVELOPMENTAL_GROWTH	0.9596810936927795	0.5954833030700684
NO	GO_DNA_METABOLIC_PROCESS	0.8855226039886475	0.032365258783102036
YES	GO_ANATOMICAL_STRUCTURE_HOMEOSTASIS	0.9493964910507202	0.4156283438205719
YES	GO_REGULATION_OF_TRANSMEMBRANE_TRANSPORT	0.9666969180107117	0.7337925434112549
YES	GO_RHO_PROTEIN_SIGNAL_TRANSDUCTION	0.9450302124023438	0.35243701934814453
YES	GO_NEUROPEPTIDE_SIGNALING_PATHWAY	0.9153898358345032	0.1071212962269783
YES	GO_REGULATION_OF_BLOOD_CIRCULATION	0.9461928606033325	0.36845019459724426
YES	GO_REGULATION_OF_CELL_MORPHOGENESIS	0.9393437504768372	0.2823801636695862
YES	GO_NEGATIVE_REGULATION_OF_PEPTIDASE_ACTIVITY	0.9359111785888672	0.24636688828468323
YES	GO_INOSITOL_LIPID_MEDIATED_SIGNALING	0.947465181350708	0.38664987683296204
YES	GO_NEGATIVE_REGULATION_OF_RESPONSE_TO_EXTERNAL_STIMULUS	0.9310328364372253	0.20247697830200195
YES	GO_IMMUNE_EFFECTOR_PROCESS	0.90974360704422	0.08514270186424255
YES	GO_ODONTOGENESIS	0.958832323551178	0.5792496204376221
YES	GO_GOLGI_ORGANIZATION	0.925317645072937	0.16055937111377716
YES	GO_EXTRACELLULAR_STRUCTURE_ORGANIZATION	0.9779989719390869	0.9270419478416443
YES	GO_DIVALENT_INORGANIC_CATION_TRANSPORT	0.9676530361175537	0.7525792121887207
YES	GO_PROTEIN_HETEROOLIGOMERIZATION	0.9631365537643433	0.6631297469139099
YES	GO_REGULATION_OF_VASCULATURE_DEVELOPMENT	0.9406484365463257	0.29727229475975037
YES	GO_POSITIVE_CHEMOTAXIS	0.9534184336662292	0.4811265468597412
YES	GO_NEGATIVE_REGULATION_OF_TRANSCRIPTION_BY_RNA_POLYMERASE_II	0.9536661505699158	0.4853803217411041
YES	GO_CELLULAR_ION_HOMEOSTASIS	0.9792560935020447	0.9420104622840881
YES	GO_REGULATION_OF_G_PROTEIN_COUPLED_RECEPTOR_SIGNALING_PATHWAY	0.9526560306549072	0.46818992495536804
YES	GO_POSITIVE_REGULATION_OF_CELL_POPULATION_PROLIFERATION	0.9658517241477966	0.7170692086219788
YES	GO_NEGATIVE_REGULATION_OF_CELL_POPULATION_PROLIFERATION	0.9514064192771912	0.44750481843948364
YES	GO_ANIMAL_ORGAN_MORPHOGENESIS	0.9639465808868408	0.6792097687721252
YES	GO_NEGATIVE_REGULATION_OF_BIOSYNTHETIC_PROCESS	0.9644703269004822	0.6896224617958069
YES	GO_REGULATION_OF_SIGNALING_RECEPTOR_ACTIVITY	0.947702169418335	0.3901175260543823
YES	GO_PROTEIN_PROCESSING	0.9451078772544861	0.3534887731075287
YES	GO_POSITIVE_REGULATION_OF_SIGNALING	0.9726345539093018	0.8455127477645874
YES	GO_NEGATIVE_REGULATION_OF_SIGNALING	0.9560168981552124	0.5269345045089722
YES	GO_PEPTIDE_HORMONE_SECRETION	0.8987922668457031	0.05474260076880455
YES	GO_CHROMATIN_REMODELING_AT_CENTROMERE	0.9419695138931274	0.3130561411380768
YES	GO_REGULATION_OF_CELLULAR_CATABOLIC_PROCESS	0.9750779271125793	0.8858174085617065
YES	GO_CHROMATIN_ASSEMBLY	0.9289464950561523	0.1860731542110443
YES	GO_PROTEIN_MODIFICATION_BY_SMALL_PROTEIN_CONJUGATION	0.9641693830490112	0.6836389303207397
YES	GO_INTERLEUKIN_1_BETA_PRODUCTION	0.9116664528846741	0.09205876290798187
YES	GO_INTERLEUKIN_17_PRODUCTION	0.9095043540000916	0.08432021737098694
YES	GO_PROTEIN_CONTAINING_COMPLEX_REMODELING	0.9684011340141296	0.7671414613723755
NO	GO_CHROMATIN_ORGANIZATION_INVOLVED_IN_REGULATION_OF_TRANSCRIPTION	0.8765283823013306	0.02283107303082943
YES	GO_CELLULAR_PROTEIN_CONTAINING_COMPLEX_ASSEMBLY	0.9724943041801453	0.8430666923522949
YES	GO_NUCLEOSOME_ORGANIZATION	0.9191444516181946	0.12483946233987808
YES	GO_REGULATION_OF_ION_TRANSMEMBRANE_TRANSPORT	0.9681641459465027	0.762543261051178
YES	GO_POSITIVE_REGULATION_OF_ION_TRANSMEMBRANE_TRANSPORT	0.934969425201416	0.2372531145811081
YES	GO_T_CELL_ACTIVATION	0.9445844292640686	0.3464525640010834
YES	GO_REGULATION_OF_CELL_POPULATION_PROLIFERATION	0.9209774732589722	0.1345299482345581
YES	GO_POSITIVE_REGULATION_OF_TYROSINE_PHOSPHORYLATION_OF_STAT_PROTEIN	0.9583427309989929	0.5699753165245056
YES	GO_PEPTIDE_BIOSYNTHETIC_PROCESS	0.9573348164558411	0.5511071085929871
YES	GO_RESPONSE_TO_PEPTIDE_HORMONE	0.9703630208969116	0.804488480091095
YES	GO_POSITIVE_REGULATION_OF_GTPASE_ACTIVITY	0.9415969848632812	0.3085325360298157
YES	GO_CELLULAR_PROTEIN_CATABOLIC_PROCESS	0.9627695679664612	0.6558602452278137
YES	GO_CELLULAR_MACROMOLECULE_CATABOLIC_PROCESS	0.9621560573577881	0.6437408924102783
YES	GO_NEGATIVE_REGULATION_OF_NUCLEOBASE_CONTAINING_COMPOUND_METABOLIC_PROCESS	0.9533317685127258	0.47964411973953247
YES	GO_POSITIVE_REGULATION_OF_NUCLEOBASE_CONTAINING_COMPOUND_METABOLIC_PROCESS	0.9228147268295288	0.14499492943286896
YES	GO_POSITIVE_REGULATION_OF_TRANSCRIPTION_BY_RNA_POLYMERASE_II	0.9384423494338989	0.272485613822937
YES	GO_INTRACELLULAR_TRANSPORT	0.9759589433670044	0.8991314768791199
YES	GO_EOSINOPHIL_CHEMOTAXIS	0.9408740997314453	0.2999178171157837
YES	GO_SENSORY_SYSTEM_DEVELOPMENT	0.967517077922821	0.7499186396598816
YES	GO_COAGULATION	0.9501662254333496	0.42763006687164307
YES	GO_REGULATION_OF_T_CELL_ACTIVATION	0.9506397843360901	0.43514156341552734
YES	GO_NERVOUS_SYSTEM_PROCESS	0.9671748876571655	0.7432044148445129
YES	GO_DETECTION_OF_STIMULUS_INVOLVED_IN_SENSORY_PERCEPTION	0.9262703657150269	0.1669062227010727
YES	GO_SENSORY_PERCEPTION_OF_BITTER_TASTE	0.9610896110534668	0.6228025555610657
YES	GO_REGULATION_OF_DNA_BINDING_TRANSCRIPTION_FACTOR_ACTIVITY	0.9734957218170166	0.8602349162101746
YES	GO_POSITIVE_REGULATION_OF_DNA_BINDING_TRANSCRIPTION_FACTOR_ACTIVITY	0.9831332564353943	0.9764848947525024
YES	GO_REGULATION_OF_LYMPHOCYTE_ACTIVATION	0.9769119024276733	0.9127008318901062
YES	GO_POSITIVE_REGULATION_OF_RNA_METABOLIC_PROCESS	0.927215576171875	0.173445463180542
YES	GO_PROTEIN_COMPLEX_OLIGOMERIZATION	0.936127245426178	0.2485029250383377
YES	GO_METAL_ION_HOMEOSTASIS	0.9880226850509644	0.9962213635444641
YES	GO_CARDIAC_MUSCLE_CONTRACTION	0.9672404527664185	0.7444931268692017
YES	GO_REGULATION_OF_SMALL_MOLECULE_METABOLIC_PROCESS	0.9373558163642883	0.26097774505615234
YES	GO_PROTEIN_CONTAINING_COMPLEX_ASSEMBLY	0.9504854083061218	0.4326825737953186
YES	GO_REGULATION_OF_ESTABLISHMENT_OF_PROTEIN_LOCALIZATION	0.9323763251304626	0.2137632668018341
YES	GO_CORNIFICATION	0.9299599528312683	0.1938750147819519
YES	GO_CELLULAR_RESPONSE_TO_XENOBIOTIC_STIMULUS	0.9744793772697449	0.876379668712616
YES	GO_MONONUCLEAR_CELL_MIGRATION	0.9671096801757812	0.7419232726097107
YES	GO_POSITIVE_REGULATION_OF_MONONUCLEAR_CELL_MIGRATION	0.9510648250579834	0.4419649541378021
YES	GO_TUMOR_NECROSIS_FACTOR_SUPERFAMILY_CYTOKINE_PRODUCTION	0.9787586331367493	0.9363006353378296
YES	GO_CARDIOVASCULAR_SYSTEM_DEVELOPMENT	0.9743034243583679	0.8735477924346924
YES	GO_PROTEIN_LOCALIZATION_TO_PLASMA_MEMBRANE	0.9470886588096619	0.3811907172203064
YES	GO_EOSINOPHIL_MIGRATION	0.9636037349700928	0.6723992824554443
YES	GO_SUPRAMOLECULAR_FIBER_ORGANIZATION	0.9281325936317444	0.18002811074256897
YES	GO_RECEPTOR_SIGNALING_PATHWAY_VIA_STAT	0.9568384289741516	0.5419331789016724
YES	GO_CATION_TRANSMEMBRANE_TRANSPORT	0.9736742973327637	0.8632217049598694
YES	GO_CELL_CELL_SIGNALING_BY_WNT	0.9600412845611572	0.6024277806282043
YES	GO_NEGATIVE_REGULATION_OF_RNA_BIOSYNTHETIC_PROCESS	0.9628905057907104	0.6582538485527039
YES	GO_POSITIVE_REGULATION_OF_LEUKOCYTE_CELL_CELL_ADHESION	0.9722258448600769	0.8383506536483765
YES	GO_REGULATION_OF_VIRAL_LIFE_CYCLE	0.9754797220230103	0.8919770121574402
YES	GO_REGULATION_OF_RECEPTOR_SIGNALING_PATHWAY_VIA_STAT	0.9530830979347229	0.4754072427749634
YES	GO_POSITIVE_REGULATION_OF_RECEPTOR_SIGNALING_PATHWAY_VIA_STAT	0.9641863107681274	0.6839758157730103
YES	GO_NEGATIVE_REGULATION_OF_CHROMATIN_ORGANIZATION	0.9936696887016296	0.9999605417251587
YES	GO_REGULATION_OF_LIPID_LOCALIZATION	0.9673383831977844	0.7464160323143005
YES	GO_POSITIVE_REGULATION_OF_LIPID_LOCALIZATION	0.9813224673271179	0.9626179337501526
YES	GO_NEUTROPHIL_MIGRATION	0.8979560732841492	0.05294107273221016
YES	GO_RESPONSE_TO_CHEMOKINE	0.9440476298332214	0.3393595814704895
YES	GO_NEGATIVE_REGULATION_OF_SIGNALING_RECEPTOR_ACTIVITY	0.9820322394371033	0.9685186743736267
YES	GO_TERPENOID_METABOLIC_PROCESS	0.9548302888870239	0.5056962370872498
YES	GO_GENE_SILENCING	0.905382513999939	0.07135988026857376
YES	GO_RIBOSE_PHOSPHATE_METABOLIC_PROCESS	0.947638213634491	0.38917937874794006
YES	GO_KERATINOCYTE_DIFFERENTIATION	0.9518592953681946	0.45492562651634216
YES	GO_POSITIVE_REGULATION_OF_CELLULAR_BIOSYNTHETIC_PROCESS	0.9636572599411011	0.6734622716903687
YES	GO_REGULATION_OF_PHOSPHORYLATION	0.9462006092071533	0.36855942010879517
YES	GO_CELLULAR_NITROGEN_COMPOUND_CATABOLIC_PROCESS	0.958531379699707	0.573540985584259
YES	GO_ESTABLISHMENT_OF_LOCALIZATION_IN_CELL	0.9561124444007874	0.5286664366722107
YES	GO_REGULATION_OF_POTASSIUM_ION_TRANSMEMBRANE_TRANSPORT	0.9345914125442505	0.2336840182542801
YES	GO_NEGATIVE_REGULATION_OF_VIRAL_LIFE_CYCLE	0.9008226990699768	0.05938618630170822
Normal Count	637	NOT Normal Count	24
